<?xml version="1.0" encoding="UTF-8"?>
<Bookstore><Yoga><Book><Book_Title>The Art of Yoga</Book_Title><Book_Author>John Doe</Book_Author><Book_Price>15.99</Book_Price></Book><Book><Book_Title>Yoga for Beginners</Book_Title><Book_Author>Jane Smith</Book_Author><Book_Price>12.50</Book_Price></Book></Yoga><Story><Book><Book_Title>The Great Adventure</Book_Title><Book_Author>Emily Carter</Book_Author><Book_Price>10.99</Book_Price></Book><Book><Book_Title>Mystery of the Night</Book_Title><Book_Author>Daniel Brown</Book_Author><Book_Price>9.75</Book_Price></Book></Story><Technical><Book><Book_Title>Learning PHP</Book_Title><Book_Author>David Green</Book_Author><Book_Price>20.00</Book_Price></Book><Book><Book_Title>Mastering Python</Book_Title><Book_Author>Sara White</Book_Author><Book_Price>25.99</Book_Price></Book></Technical></Bookstore>
