<?xml version="1.0" encoding="UTF-8"?>
<Movies>
    <Movie>
        <MovieNo>1</MovieNo>
        <MovieTitle>Inception</MovieTitle>
        <ActorName>Leonardo DiCaprio</ActorName>
        <ReleaseYear>2010</ReleaseYear>
    </Movie>
    <Movie>
        <MovieNo>2</MovieNo>
        <MovieTitle>The Dark Knight</MovieTitle>
        <ActorName>Christian Bale</ActorName>
        <ReleaseYear>2008</ReleaseYear>
    </Movie>
    <Movie>
        <MovieNo>3</MovieNo>
        <MovieTitle>Forrest Gump</MovieTitle>
        <ActorName>Tom Hanks</ActorName>
        <ReleaseYear>1994</ReleaseYear>
    </Movie>
    <Movie>
        <MovieNo>4</MovieNo>
        <MovieTitle>The Matrix</MovieTitle>
        <ActorName>Keanu Reeves</ActorName>
        <ReleaseYear>1999</ReleaseYear>
    </Movie>
    <Movie>
        <MovieNo>5</MovieNo>
        <MovieTitle>Gladiator</MovieTitle>
        <ActorName>Russell Crowe</ActorName>
        <ReleaseYear>2000</ReleaseYear>
    </Movie>
</Movies>
